[
  {
    "id": "5d6a397c-09a1-40ba-a2f3-038913529b9a",
    "data": [
      {
        "text": "50,000",
        "meta": "@sys.number",
        "alias": "amount",
        "userDefined": false
      }
    ],
    "isTemplate": false,
    "count": 0,
    "lang": "en",
    "updated": 0
  },
  {
    "id": "397ba76a-091d-452b-b366-2a62c6c73d45",
    "data": [
      {
        "text": "50000",
        "meta": "@sys.number",
        "alias": "amount",
        "userDefined": false
      }
    ],
    "isTemplate": false,
    "count": 0,
    "lang": "en",
    "updated": 0
  }
]