[
  {
    "id": "0134349e-0f99-4f8f-8fa1-07ecbc5afba6",
    "data": [
      {
        "text": "51d",
        "meta": "@firstnameregex",
        "alias": "firstnameregex",
        "userDefined": true
      }
    ],
    "isTemplate": false,
    "count": 0,
    "lang": "en",
    "updated": 0
  },
  {
    "id": "b1f3541c-8f3e-4bf2-ad4b-05dd0203657c",
    "data": [
      {
        "text": "kedar",
        "meta": "@firstnameregex",
        "alias": "firstnameregex",
        "userDefined": false
      }
    ],
    "isTemplate": false,
    "count": 0,
    "lang": "en",
    "updated": 0
  }
]