[
  {
    "id": "ebb8bac8-7772-4bf3-81ec-f913943ea124",
    "data": [
      {
        "text": "Hello",
        "userDefined": false
      }
    ],
    "isTemplate": false,
    "count": 0,
    "lang": "en",
    "updated": 0
  },
  {
    "id": "3340031e-f368-4c77-9169-af28bb5cdfce",
    "data": [
      {
        "text": "Main Menu",
        "userDefined": false
      }
    ],
    "isTemplate": false,
    "count": 0,
    "lang": "en",
    "updated": 0
  },
  {
    "id": "bdf82996-8ca1-48e4-875b-6dfe5f298045",
    "data": [
      {
        "text": "Hi",
        "userDefined": false
      }
    ],
    "isTemplate": false,
    "count": 0,
    "lang": "en",
    "updated": 0
  }
]