[
  {
    "id": "0f0232cf-e182-46ed-9b57-5460812e5673",
    "data": [
      {
        "text": "withdrawal slip",
        "userDefined": false
      }
    ],
    "isTemplate": false,
    "count": 0,
    "lang": "en",
    "updated": 0
  },
  {
    "id": "179f25e6-6b0c-46e7-99c8-e3fab6ed0c06",
    "data": [
      {
        "text": "withdrawal money",
        "userDefined": false
      }
    ],
    "isTemplate": false,
    "count": 0,
    "lang": "en",
    "updated": 0
  },
  {
    "id": "f684a64a-2f58-475b-ac8a-dd8a3d9c169d",
    "data": [
      {
        "text": "hi",
        "userDefined": false
      }
    ],
    "isTemplate": false,
    "count": 0,
    "lang": "en",
    "updated": 0
  },
  {
    "id": "4f8aa5c0-93af-44b5-ab39-01ce17953a24",
    "data": [
      {
        "text": "fly",
        "userDefined": false
      }
    ],
    "isTemplate": false,
    "count": 0,
    "lang": "en",
    "updated": 0
  }
]