[
  {
    "id": "40509f04-ba93-4de3-a7ec-93d06744238a",
    "data": [
      {
        "text": "dont know",
        "meta": "@alphanumeric",
        "alias": "alphanumeric",
        "userDefined": false
      }
    ],
    "isTemplate": false,
    "count": 0,
    "lang": "en",
    "updated": 0
  },
  {
    "id": "86f363e9-d9c1-400e-8238-404e7a64695d",
    "data": [
      {
        "text": "abcdefg",
        "meta": "@firstnameregex",
        "alias": "firstnameregex",
        "userDefined": false
      }
    ],
    "isTemplate": false,
    "count": 0,
    "lang": "en",
    "updated": 0
  },
  {
    "id": "5b70c6cb-c326-47d3-a60f-7ec64b398b2f",
    "data": [
      {
        "text": "abcd",
        "meta": "@firstnameregex",
        "alias": "firstnameregex",
        "userDefined": false
      }
    ],
    "isTemplate": false,
    "count": 0,
    "lang": "en",
    "updated": 0
  },
  {
    "id": "6f053eab-1d7d-49c4-8629-50f28a6bfba6",
    "data": [
      {
        "text": "12345",
        "meta": "@sys.number",
        "alias": "number",
        "userDefined": false
      }
    ],
    "isTemplate": false,
    "count": 0,
    "lang": "en",
    "updated": 0
  },
  {
    "id": "a392c67d-e025-4ec5-ad9e-39feb4f795f2",
    "data": [
      {
        "text": "123",
        "meta": "@sys.number",
        "alias": "number",
        "userDefined": false
      }
    ],
    "isTemplate": false,
    "count": 0,
    "lang": "en",
    "updated": 0
  }
]