[
  {
    "id": "43fa53cf-5f57-4c76-9128-104ceb99bb5a",
    "data": [
      {
        "text": "never",
        "meta": "@firstnameregex",
        "alias": "firstnameregex",
        "userDefined": true
      }
    ],
    "isTemplate": false,
    "count": 0,
    "lang": "en",
    "updated": 0
  },
  {
    "id": "dc2b19bd-985f-4861-8f5f-b809fd5fb691",
    "data": [
      {
        "text": "test",
        "meta": "@firstnameregex",
        "alias": "firstnameregex",
        "userDefined": true
      }
    ],
    "isTemplate": false,
    "count": 0,
    "lang": "en",
    "updated": 0
  },
  {
    "id": "18815dc1-0795-4429-9101-b2fab348dd43",
    "data": [
      {
        "text": "dont",
        "meta": "@firstnameregex",
        "alias": "firstnameregex",
        "userDefined": true
      },
      {
        "text": " know",
        "userDefined": false
      }
    ],
    "isTemplate": false,
    "count": 0,
    "lang": "en",
    "updated": 0
  },
  {
    "id": "f38ae9be-8dcc-493e-b86f-1aa8fcbff1c7",
    "data": [
      {
        "text": "1",
        "meta": "@sys.number",
        "alias": "number",
        "userDefined": false
      }
    ],
    "isTemplate": false,
    "count": 0,
    "lang": "en",
    "updated": 0
  },
  {
    "id": "6536205e-d075-4f57-813a-a65993864e44",
    "data": [
      {
        "text": "1235",
        "meta": "@sys.number",
        "alias": "number",
        "userDefined": false
      }
    ],
    "isTemplate": false,
    "count": 0,
    "lang": "en",
    "updated": 0
  },
  {
    "id": "48b0989d-d599-4abb-b7db-6ce6cb0f1ea0",
    "data": [
      {
        "text": "1234",
        "meta": "@sys.number",
        "alias": "number",
        "userDefined": false
      }
    ],
    "isTemplate": false,
    "count": 0,
    "lang": "en",
    "updated": 0
  },
  {
    "id": "fd15d7ff-6d27-43de-891e-c2f11892b4d1",
    "data": [
      {
        "text": "12345",
        "meta": "@sys.number",
        "alias": "number",
        "userDefined": false
      }
    ],
    "isTemplate": false,
    "count": 0,
    "lang": "en",
    "updated": 0
  }
]