[
  {
    "id": "0bcf8d0a-da24-4fa6-9527-c77fd183c49e",
    "data": [
      {
        "text": "50000",
        "meta": "@sys.number",
        "alias": "amount",
        "userDefined": false
      }
    ],
    "isTemplate": false,
    "count": 0,
    "lang": "en",
    "updated": 0
  },
  {
    "id": "67389c99-cde8-4a84-839c-6b1934a4cbba",
    "data": [
      {
        "text": "50,000",
        "meta": "@sys.number",
        "alias": "amount",
        "userDefined": false
      }
    ],
    "isTemplate": false,
    "count": 0,
    "lang": "en",
    "updated": 0
  }
]